InvoiceID,UnitPrice,Quantity,Tax5,Total,cogs,grossmarginpercentage,grossincome,Rating,,,
750678428,74.69,7,26.1415,548.9715,522.83,4.761904762,26.1415,9.1,,,
226313081,15.28,5,3.82,80.22,76.4,4.761904762,3.82,9.6,,,
631413108,46.33,7,16.2155,340.5255,324.31,4.761904762,16.2155,7.4,,,
123191176,58.22,8,23.288,489.048,465.76,4.761904762,23.288,8.4,,,
373737910,86.31,7,30.2085,634.3785,604.17,4.761904762,30.2085,5.3,,,
699143026,85.39,7,29.8865,627.6165,597.73,4.761904762,29.8865,4.1,,,
355535943,68.84,6,20.652,433.692,413.04,4.761904762,20.652,5.8,,,
315225665,73.56,10,36.78,772.38,735.6,4.761904762,36.78,8,,,
665329167,36.26,2,3.626,76.146,72.52,4.761904762,3.626,7.2,,,
692925582,54.84,3,8.226,172.746,164.52,4.761904762,8.226,5.9,,,
351620822,14.48,4,2.896,60.816,57.92,4.761904762,2.896,4.5,,,
529563974,25.51,4,5.102,107.142,102.04,4.761904762,5.102,6.8,,,
365640515,46.95,5,11.7375,246.4875,234.75,4.761904762,11.7375,7.1,,,
252562699,43.19,10,21.595,453.495,431.9,4.761904762,21.595,8.2,,,
829343910,71.38,10,35.69,749.49,713.8,4.761904762,35.69,5.7,,,
299461805,93.72,6,28.116,590.436,562.32,4.761904762,28.116,4.5,,,
656959349,68.93,7,24.1255,506.6355,482.51,4.761904762,24.1255,4.6,,,
765266951,72.61,6,21.783,457.443,435.66,4.761904762,21.783,6.9,,,
329621586,54.67,3,8.2005,172.2105,164.01,4.761904762,8.2005,8.6,,,
319503348,40.3,2,4.03,84.63,80.6,4.761904762,4.03,4.4,,,
300714605,86.04,5,21.51,451.71,430.2,4.761904762,21.51,4.8,,,
371855789,87.98,3,13.197,277.137,263.94,4.761904762,13.197,5.1,,,
273166619,33.2,2,3.32,69.72,66.4,4.761904762,3.32,4.4,,,
636488204,34.56,5,8.64,181.44,172.8,4.761904762,8.64,9.9,,,
549591358,88.63,3,13.2945,279.1845,265.89,4.761904762,13.2945,6,,,
227035010,52.59,8,21.036,441.756,420.72,4.761904762,21.036,8.5,,,
649296775,33.52,1,1.676,35.196,33.52,4.761904762,1.676,6.7,,,
189174241,87.67,2,8.767,184.107,175.34,4.761904762,8.767,7.7,,,
145949061,88.36,5,22.09,463.89,441.8,4.761904762,22.09,9.6,,,
848627243,24.89,9,11.2005,235.2105,224.01,4.761904762,11.2005,7.4,,,
871798483,94.13,5,23.5325,494.1825,470.65,4.761904762,23.5325,4.8,,,
149716266,78.07,9,35.1315,737.7615,702.63,4.761904762,35.1315,4.5,,,
640492076,83.78,8,33.512,703.752,670.24,4.761904762,33.512,5.1,,,
595115460,96.58,2,9.658,202.818,193.16,4.761904762,9.658,5.1,,,
183566882,99.42,4,19.884,417.564,397.68,4.761904762,19.884,7.5,,,
232162483,68.12,1,3.406,71.526,68.12,4.761904762,3.406,6.8,,,
129298530,62.62,5,15.655,328.755,313.1,4.761904762,15.655,7,,,
272651806,60.88,9,27.396,575.316,547.92,4.761904762,27.396,4.7,,,
333737901,54.92,8,21.968,461.328,439.36,4.761904762,21.968,7.6,,,
777827220,30.12,8,12.048,253.008,240.96,4.761904762,12.048,7.7,,,
280355823,86.72,1,4.336,91.056,86.72,4.761904762,4.336,7.9,,,
554538700,56.11,2,5.611,117.831,112.22,4.761904762,5.611,6.3,,,
354255821,69.12,6,20.736,435.456,414.72,4.761904762,20.736,5.6,,,
228961411,98.7,8,39.48,829.08,789.6,4.761904762,39.48,7.6,,,
617154209,15.37,2,1.537,32.277,30.74,4.761904762,1.537,7.2,,,
132329879,93.96,4,18.792,394.632,375.84,4.761904762,18.792,9.5,,,
370417321,56.69,9,25.5105,535.7205,510.21,4.761904762,25.5105,8.4,,,
727463608,20.01,9,9.0045,189.0945,180.09,4.761904762,9.0045,4.1,,,
669541719,18.93,6,5.679,119.259,113.58,4.761904762,5.679,8.1,,,
574225561,82.63,10,41.315,867.615,826.3,4.761904762,41.315,7.9,,,
326785178,91.4,7,31.99,671.79,639.8,4.761904762,31.99,9.5,,,
162488011,44.59,5,11.1475,234.0975,222.95,4.761904762,11.1475,8.5,,,
616242851,17.87,4,3.574,75.054,71.48,4.761904762,3.574,6.5,,,
778715554,15.43,1,0.7715,16.2015,15.43,4.761904762,0.7715,6.1,,,
242556721,16.16,2,1.616,33.936,32.32,4.761904762,1.616,6.5,,,
399465918,85.98,8,34.392,722.232,687.84,4.761904762,34.392,8.2,,,
106356779,44.34,2,4.434,93.114,88.68,4.761904762,4.434,5.8,,,
635406220,89.6,8,35.84,752.64,716.8,4.761904762,35.84,6.6,,,
817488732,72.35,10,36.175,759.675,723.5,4.761904762,36.175,5.4,,,
120064233,30.61,6,9.183,192.843,183.66,4.761904762,9.183,9.3,,,
285685083,24.74,3,3.711,77.931,74.22,4.761904762,3.711,10,,,
803835989,55.73,6,16.719,351.099,334.38,4.761904762,16.719,7,,,
347342234,55.07,9,24.7815,520.4115,495.63,4.761904762,24.7815,10,,,
199758169,15.81,10,7.905,166.005,158.1,4.761904762,7.905,8.6,,,
853232453,75.74,4,15.148,318.108,302.96,4.761904762,15.148,7.6,,,
877223308,15.87,10,7.935,166.635,158.7,4.761904762,7.935,5.8,,,
838784295,33.47,2,3.347,70.287,66.94,4.761904762,3.347,6.7,,,
109282512,97.61,6,29.283,614.943,585.66,4.761904762,29.283,9.9,,,
232113025,78.77,10,39.385,827.085,787.7,4.761904762,39.385,6.4,,,
382034532,18.33,1,0.9165,19.2465,18.33,4.761904762,0.9165,4.3,,,
393652792,89.48,10,44.74,939.54,894.8,4.761904762,44.74,9.6,,,
796122025,62.12,10,31.06,652.26,621.2,4.761904762,31.06,5.9,,,
510956347,48.52,3,7.278,152.838,145.56,4.761904762,7.278,4,,,
841356630,75.91,6,22.773,478.233,455.46,4.761904762,22.773,8.7,,,
287219091,74.67,9,33.6015,705.6315,672.03,4.761904762,33.6015,9.4,,,
732940499,41.65,10,20.825,437.325,416.5,4.761904762,20.825,5.4,,,
263103913,49.04,9,22.068,463.428,441.36,4.761904762,22.068,8.6,,,
381200914,20.01,9,9.0045,189.0945,180.09,4.761904762,9.0045,5.7,,,
829491914,78.31,10,39.155,822.255,783.1,4.761904762,39.155,6.6,,,
756017507,20.38,5,5.095,106.995,101.9,4.761904762,5.095,6,,,
870724431,99.19,6,29.757,624.897,595.14,4.761904762,29.757,5.5,,,
847387188,96.68,3,14.502,304.542,290.04,4.761904762,14.502,6.4,,,
480632856,19.25,8,7.7,161.7,154,4.761904762,7.7,6.6,,,
787560757,80.36,4,16.072,337.512,321.44,4.761904762,16.072,8.3,,,
360395055,48.91,5,12.2275,256.7775,244.55,4.761904762,12.2275,6.6,,,
730509884,83.06,7,29.071,610.491,581.42,4.761904762,29.071,4,,,
362588315,76.52,5,19.13,401.73,382.6,4.761904762,19.13,9.9,,,
633448566,49.38,7,17.283,362.943,345.66,4.761904762,17.283,7.3,,,
504358843,42.47,1,2.1235,44.5935,42.47,4.761904762,2.1235,5.7,,,
318685053,76.99,6,23.097,485.037,461.94,4.761904762,23.097,6.1,,,
565805980,47.38,4,9.476,198.996,189.52,4.761904762,9.476,7.1,,,
225320908,44.86,10,22.43,471.03,448.6,4.761904762,22.43,8.2,,,
873510671,21.98,7,7.693,161.553,153.86,4.761904762,7.693,5.1,,,
152089985,64.36,9,28.962,608.202,579.24,4.761904762,28.962,8.6,,,
512910811,89.75,1,4.4875,94.2375,89.75,4.761904762,4.4875,6.6,,,
594344444,97.16,1,4.858,102.018,97.16,4.761904762,4.858,7.2,,,
766857061,87.87,10,43.935,922.635,878.7,4.761904762,43.935,5.1,,,
871399221,12.45,6,3.735,78.435,74.7,4.761904762,3.735,4.1,,,
865926136,52.75,3,7.9125,166.1625,158.25,4.761904762,7.9125,9.3,,,
733019107,82.7,6,24.81,521.01,496.2,4.761904762,24.81,7.4,,,
163567055,48.71,1,2.4355,51.1455,48.71,4.761904762,2.4355,4.1,,,
189982939,78.55,9,35.3475,742.2975,706.95,4.761904762,35.3475,7.2,,,
551213069,23.07,9,10.3815,218.0115,207.63,4.761904762,10.3815,4.9,,,
212621842,58.26,6,17.478,367.038,349.56,4.761904762,17.478,9.9,,,
716391409,30.35,7,10.6225,223.0725,212.45,4.761904762,10.6225,8,,,
704483927,88.67,10,44.335,931.035,886.7,4.761904762,44.335,7.3,,,
628343388,27.38,6,8.214,172.494,164.28,4.761904762,8.214,7.9,,,
630745166,62.13,6,18.639,391.419,372.78,4.761904762,18.639,7.4,,,
588017461,33.98,9,15.291,321.111,305.82,4.761904762,15.291,4.2,,,
861770145,81.97,10,40.985,860.685,819.7,4.761904762,40.985,9.2,,,
479268945,16.49,2,1.649,34.629,32.98,4.761904762,1.649,4.6,,,
210675886,98.21,3,14.7315,309.3615,294.63,4.761904762,14.7315,7.8,,,
227781148,72.84,7,25.494,535.374,509.88,4.761904762,25.494,8.4,,,
645441170,58.07,9,26.1315,548.7615,522.63,4.761904762,26.1315,4.3,,,
237016122,80.79,9,36.3555,763.4655,727.11,4.761904762,36.3555,9.5,,,
225981496,27.02,3,4.053,85.113,81.06,4.761904762,4.053,7.1,,,
291321427,21.94,5,5.485,115.185,109.7,4.761904762,5.485,5.3,,,
659658956,51.36,1,2.568,53.928,51.36,4.761904762,2.568,5.2,,,
642322990,10.96,10,5.48,115.08,109.6,4.761904762,5.48,6,,,
378242715,53.44,2,5.344,112.224,106.88,4.761904762,5.344,4.1,,,
638607125,99.56,8,39.824,836.304,796.48,4.761904762,39.824,5.2,,,
659361684,57.12,7,19.992,419.832,399.84,4.761904762,19.992,6.5,,,
219229386,99.96,9,44.982,944.622,899.64,4.761904762,44.982,4.2,,,
336782147,63.91,8,25.564,536.844,511.28,4.761904762,25.564,4.6,,,
268276179,56.47,8,22.588,474.348,451.76,4.761904762,22.588,7.3,,,
668908900,93.69,7,32.7915,688.6215,655.83,4.761904762,32.7915,4.5,,,
870543162,32.25,5,8.0625,169.3125,161.25,4.761904762,8.0625,9,,,
189089157,31.73,9,14.2785,299.8485,285.57,4.761904762,14.2785,5.9,,,
663869076,68.54,8,27.416,575.736,548.32,4.761904762,27.416,8.5,,,
549847482,90.28,9,40.626,853.146,812.52,4.761904762,40.626,7.2,,,
191106171,39.62,7,13.867,291.207,277.34,4.761904762,13.867,7.5,,,
802705316,92.13,6,27.639,580.419,552.78,4.761904762,27.639,8.3,,,
695510018,34.84,4,6.968,146.328,139.36,4.761904762,6.968,7.4,,,
590834591,87.45,6,26.235,550.935,524.7,4.761904762,26.235,8.8,,,
483711164,81.3,6,24.39,512.19,487.8,4.761904762,24.39,5.3,,,
597787908,90.22,3,13.533,284.193,270.66,4.761904762,13.533,6.2,,,
700811757,26.31,5,6.5775,138.1275,131.55,4.761904762,6.5775,8.8,,,
354395160,34.42,6,10.326,216.846,206.52,4.761904762,10.326,9.8,,,
241729525,51.91,10,25.955,545.055,519.1,4.761904762,25.955,8.2,,,
575308091,72.5,8,29,609,580,4.761904762,29,9.2,,,
731819469,89.8,10,44.9,942.9,898,4.761904762,44.9,5.4,,,
280174359,90.5,10,45.25,950.25,905,4.761904762,45.25,8.1,,,
338652210,68.6,10,34.3,720.3,686,4.761904762,34.3,9.1,,,
488254221,30.41,1,1.5205,31.9305,30.41,4.761904762,1.5205,8.4,,,
239107476,77.95,6,23.385,491.085,467.7,4.761904762,23.385,8,,,
458411477,46.26,6,13.878,291.438,277.56,4.761904762,13.878,9.5,,,
685641609,30.14,10,15.07,316.47,301.4,4.761904762,15.07,9.2,,,
568905112,66.14,4,13.228,277.788,264.56,4.761904762,13.228,5.6,,,
262472794,71.86,8,28.744,603.624,574.88,4.761904762,28.744,6.2,,,
238490436,32.46,8,12.984,272.664,259.68,4.761904762,12.984,4.9,,,
608963517,91.54,4,18.308,384.468,366.16,4.761904762,18.308,4.8,,,
584867256,34.56,7,12.096,254.016,241.92,4.761904762,12.096,7.3,,,
746940204,83.24,9,37.458,786.618,749.16,4.761904762,37.458,7.4,,,
214176927,16.48,6,4.944,103.824,98.88,4.761904762,4.944,9.9,,,
400894171,80.97,8,32.388,680.148,647.76,4.761904762,32.388,9.3,,,
782959291,92.29,5,23.0725,484.5225,461.45,4.761904762,23.0725,9,,,
279742924,72.17,1,3.6085,75.7785,72.17,4.761904762,3.6085,6.1,,,
307852293,50.28,5,12.57,263.97,251.4,4.761904762,12.57,9.7,,,
743041105,97.22,9,43.749,918.729,874.98,4.761904762,43.749,6,,,
423572993,93.39,6,28.017,588.357,560.34,4.761904762,28.017,10,,,
894415205,43.18,8,17.272,362.712,345.44,4.761904762,17.272,8.3,,,
275280149,63.69,1,3.1845,66.8745,63.69,4.761904762,3.1845,6,,,
101176199,45.79,7,16.0265,336.5565,320.53,4.761904762,16.0265,7,,,
423800988,76.4,2,7.64,160.44,152.8,4.761904762,7.64,6.5,,,
548469322,39.9,10,19.95,418.95,399,4.761904762,19.95,5.9,,,
505020892,42.57,8,17.028,357.588,340.56,4.761904762,17.028,5.6,,,
234652137,95.58,10,47.79,1003.59,955.8,4.761904762,47.79,4.8,,,
687478271,98.98,10,49.49,1039.29,989.8,4.761904762,49.49,8.7,,,
796329050,51.28,6,15.384,323.064,307.68,4.761904762,15.384,6.5,,,
105311824,69.52,7,24.332,510.972,486.64,4.761904762,24.332,8.5,,,
249423782,70.01,5,17.5025,367.5525,350.05,4.761904762,17.5025,5.5,,,
316554634,80.05,5,20.0125,420.2625,400.25,4.761904762,20.0125,9.4,,,
733334967,20.85,8,8.34,175.14,166.8,4.761904762,8.34,6.3,,,
608276295,52.89,6,15.867,333.207,317.34,4.761904762,15.867,9.8,,,
414127047,19.79,8,7.916,166.236,158.32,4.761904762,7.916,8.7,,,
827262100,33.84,9,15.228,319.788,304.56,4.761904762,15.228,8.8,,,
175542529,22.17,8,8.868,186.228,177.36,4.761904762,8.868,9.6,,,
139522867,22.51,7,7.8785,165.4485,157.57,4.761904762,7.8785,4.8,,,
407638975,73.88,6,22.164,465.444,443.28,4.761904762,22.164,4.4,,,
342654817,86.8,3,13.02,273.42,260.4,4.761904762,13.02,9.9,,,
130988941,64.26,7,22.491,472.311,449.82,4.761904762,22.491,5.7,,,
434839547,38.47,8,15.388,323.148,307.76,4.761904762,15.388,7.7,,,
851286367,15.5,10,7.75,162.75,155,4.761904762,7.75,8,,,
824883614,34.31,8,13.724,288.204,274.48,4.761904762,13.724,5.7,,,
586250848,12.34,7,4.319,90.699,86.38,4.761904762,4.319,6.7,,,
895660685,18.08,3,2.712,56.952,54.24,4.761904762,2.712,8,,,
305140245,94.49,8,37.796,793.716,755.92,4.761904762,37.796,7.5,,,
732045373,46.47,4,9.294,195.174,185.88,4.761904762,9.294,7,,,
400607251,74.07,1,3.7035,77.7735,74.07,4.761904762,3.7035,9.9,,,
593651552,69.81,4,13.962,293.202,279.24,4.761904762,13.962,5.9,,,
284349626,77.04,3,11.556,242.676,231.12,4.761904762,11.556,7.2,,,
437588131,73.52,2,7.352,154.392,147.04,4.761904762,7.352,4.6,,,
286436208,87.8,9,39.51,829.71,790.2,4.761904762,39.51,9.2,,,
641432399,25.55,4,5.11,107.31,102.2,4.761904762,5.11,5.7,,,
831076050,32.71,5,8.1775,171.7275,163.55,4.761904762,8.1775,9.9,,,
556863144,74.29,1,3.7145,78.0045,74.29,4.761904762,3.7145,5,,,
848249445,43.7,2,4.37,91.77,87.4,4.761904762,4.37,4.9,,,
856228149,25.29,1,1.2645,26.5545,25.29,4.761904762,1.2645,6.1,,,
699014164,41.5,4,8.3,174.3,166,4.761904762,8.3,8.2,,,
420114919,71.39,5,17.8475,374.7975,356.95,4.761904762,17.8475,5.5,,,
606804905,19.15,6,5.745,120.645,114.9,4.761904762,5.745,6.8,,,
542410513,57.49,4,11.498,241.458,229.96,4.761904762,11.498,6.6,,,
426392418,61.41,7,21.4935,451.3635,429.87,4.761904762,21.4935,9.8,,,
875465808,25.9,10,12.95,271.95,259,4.761904762,12.95,8.7,,,
394434238,17.77,5,4.4425,93.2925,88.85,4.761904762,4.4425,5.4,,,
749241565,23.03,9,10.3635,217.6335,207.27,4.761904762,10.3635,7.9,,,
672518681,66.65,9,29.9925,629.8425,599.85,4.761904762,29.9925,9.7,,,
263875680,28.53,10,14.265,299.565,285.3,4.761904762,14.265,7.8,,,
573589734,30.37,3,4.5555,95.6655,91.11,4.761904762,4.5555,5.1,,,
817698206,99.73,9,44.8785,942.4485,897.57,4.761904762,44.8785,6.5,,,
888020338,26.23,9,11.8035,247.8735,236.07,4.761904762,11.8035,5.9,,,
677110152,93.26,9,41.967,881.307,839.34,4.761904762,41.967,8.8,,,
142636033,92.36,5,23.09,484.89,461.8,4.761904762,23.09,4.9,,,
656161063,46.42,3,6.963,146.223,139.26,4.761904762,6.963,4.4,,,
891588335,29.61,7,10.3635,217.6335,207.27,4.761904762,10.3635,6.5,,,
802438934,18.28,1,0.914,19.194,18.28,4.761904762,0.914,8.3,,,
560305617,24.77,5,6.1925,130.0425,123.85,4.761904762,6.1925,8.5,,,
319742561,94.64,3,14.196,298.116,283.92,4.761904762,14.196,5.5,,,
549039315,94.87,8,37.948,796.908,758.96,4.761904762,37.948,8.7,,,
790291172,57.34,3,8.601,180.621,172.02,4.761904762,8.601,7.9,,,
239363640,45.35,6,13.605,285.705,272.1,4.761904762,13.605,6.1,,,
468012051,62.08,7,21.728,456.288,434.56,4.761904762,21.728,5.4,,,
389253394,11.81,5,2.9525,62.0025,59.05,4.761904762,2.9525,9.4,,,
279621445,12.54,1,0.627,13.167,12.54,4.761904762,0.627,8.2,,,
213726612,43.25,2,4.325,90.825,86.5,4.761904762,4.325,6.2,,,
746686593,87.16,2,8.716,183.036,174.32,4.761904762,8.716,9.7,,,
836825858,69.37,9,31.2165,655.5465,624.33,4.761904762,31.2165,4,,,
583721480,37.06,4,7.412,155.652,148.24,4.761904762,7.412,9.7,,,
466615506,90.7,6,27.21,571.41,544.2,4.761904762,27.21,5.3,,,
721866247,63.42,8,25.368,532.728,507.36,4.761904762,25.368,7.4,,,
289655721,81.37,2,8.137,170.877,162.74,4.761904762,8.137,6.5,,,
545463100,10.59,3,1.5885,33.3585,31.77,4.761904762,1.5885,8.7,,,
418025978,84.09,9,37.8405,794.6505,756.81,4.761904762,37.8405,8,,,
269045750,73.82,4,14.764,310.044,295.28,4.761904762,14.764,6.7,,,
157135295,51.94,10,25.97,545.37,519.4,4.761904762,25.97,6.5,,,
645788093,93.14,2,9.314,195.594,186.28,4.761904762,9.314,4.1,,,
211309270,17.41,5,4.3525,91.4025,87.05,4.761904762,4.3525,4.9,,,
755123214,44.22,5,11.055,232.155,221.1,4.761904762,11.055,8.6,,,
346843103,13.22,5,3.305,69.405,66.1,4.761904762,3.305,4.3,,,
478067835,89.69,1,4.4845,94.1745,89.69,4.761904762,4.4845,4.9,,,
540114336,24.94,9,11.223,235.683,224.46,4.761904762,11.223,5.6,,,
448815016,59.77,2,5.977,125.517,119.54,4.761904762,5.977,5.8,,,
142724741,93.2,2,9.32,195.72,186.4,4.761904762,9.32,6,,,
217581179,62.65,4,12.53,263.13,250.6,4.761904762,12.53,4.2,,,
376028238,93.87,8,37.548,788.508,750.96,4.761904762,37.548,8.3,,,
530909855,47.59,8,19.036,399.756,380.72,4.761904762,19.036,5.7,,,
866057563,81.4,3,12.21,256.41,244.2,4.761904762,12.21,4.8,,,
604706476,17.94,5,4.485,94.185,89.7,4.761904762,4.485,6.8,,,
799711548,77.72,4,15.544,326.424,310.88,4.761904762,15.544,8.8,,,
785137708,73.06,7,25.571,536.991,511.42,4.761904762,25.571,4.2,,,
845510542,46.55,9,20.9475,439.8975,418.95,4.761904762,20.9475,6.4,,,
662475456,35.19,10,17.595,369.495,351.9,4.761904762,17.595,8.4,,,
883174236,14.39,2,1.439,30.219,28.78,4.761904762,1.439,7.2,,,
290682984,23.75,4,4.75,99.75,95,4.761904762,4.75,5.2,,,
704116354,58.9,8,23.56,494.76,471.2,4.761904762,23.56,8.9,,,
110487033,32.62,4,6.524,137.004,130.48,4.761904762,6.524,9,,,
366930948,66.35,1,3.3175,69.6675,66.35,4.761904762,3.3175,9.7,,,
729099681,25.91,6,7.773,163.233,155.46,4.761904762,7.773,8.7,,,
151161484,32.25,4,6.45,135.45,129,4.761904762,6.45,6.5,,,
380944661,65.94,4,13.188,276.948,263.76,4.761904762,13.188,6.9,,,
850419669,75.06,9,33.777,709.317,675.54,4.761904762,33.777,6.2,,,
821073596,16.45,4,3.29,69.09,65.8,4.761904762,3.29,5.6,,,
655855130,38.3,4,7.66,160.86,153.2,4.761904762,7.66,5.7,,,
447157839,22.24,10,11.12,233.52,222.4,4.761904762,11.12,4.2,,,
154747179,54.45,1,2.7225,57.1725,54.45,4.761904762,2.7225,7.9,,,
253126086,98.4,7,34.44,723.24,688.8,4.761904762,34.44,8.7,,,
808650703,35.47,4,7.094,148.974,141.88,4.761904762,7.094,6.9,,,
571940759,74.6,10,37.3,783.3,746,4.761904762,37.3,9.5,,,
144516085,70.74,4,14.148,297.108,282.96,4.761904762,14.148,4.4,,,
731142199,35.54,10,17.77,373.17,355.4,4.761904762,17.77,7,,,
783091637,67.43,5,16.8575,354.0075,337.15,4.761904762,16.8575,6.3,,,
687151097,21.12,2,2.112,44.352,42.24,4.761904762,2.112,9.7,,,
126541082,21.54,9,9.693,203.553,193.86,4.761904762,9.693,8.8,,,
633911052,12.03,2,1.203,25.263,24.06,4.761904762,1.203,5.1,,,
477246490,99.71,6,29.913,628.173,598.26,4.761904762,29.913,7.9,,,
566195475,47.97,7,16.7895,352.5795,335.79,4.761904762,16.7895,6.2,,,
526868552,21.82,10,10.91,229.11,218.2,4.761904762,10.91,7.1,,,
376563573,95.42,4,19.084,400.764,381.68,4.761904762,19.084,6.4,,,
537720426,70.99,10,35.495,745.395,709.9,4.761904762,35.495,5.7,,,
828615674,44.02,10,22.01,462.21,440.2,4.761904762,22.01,9.6,,,
136086195,69.96,8,27.984,587.664,559.68,4.761904762,27.984,6.4,,,
523380215,37,1,1.85,38.85,37,4.761904762,1.85,7.9,,,
490291201,15.34,1,0.767,16.107,15.34,4.761904762,0.767,6.5,,,
667920055,99.83,6,29.949,628.929,598.98,4.761904762,29.949,8.5,,,
565173836,47.67,4,9.534,200.214,190.68,4.761904762,9.534,9.1,,,
498411961,66.68,5,16.67,350.07,333.4,4.761904762,16.67,7.6,,,
593954461,74.86,1,3.743,78.603,74.86,4.761904762,3.743,6.9,,,
226713580,23.75,9,10.6875,224.4375,213.75,4.761904762,10.6875,9.5,,,
283799594,48.51,7,16.9785,356.5485,339.57,4.761904762,16.9785,5.2,,,
430603493,94.88,7,33.208,697.368,664.16,4.761904762,33.208,4.2,,,
139200155,40.3,10,20.15,423.15,403,4.761904762,20.15,7,,,
558804082,27.85,7,9.7475,204.6975,194.95,4.761904762,9.7475,6,,,
278977759,62.48,1,3.124,65.604,62.48,4.761904762,3.124,4.7,,,
316686352,36.36,2,3.636,76.356,72.72,4.761904762,3.636,7.1,,,
585035943,18.11,10,9.055,190.155,181.1,4.761904762,9.055,5.9,,,
211050490,51.92,5,12.98,272.58,259.6,4.761904762,12.98,7.5,,,
727756477,28.84,4,5.768,121.128,115.36,4.761904762,5.768,6.4,,,
744025987,78.38,6,23.514,493.794,470.28,4.761904762,23.514,5.8,,,
307839164,60.01,4,12.002,252.042,240.04,4.761904762,12.002,4.5,,,
779060012,88.61,1,4.4305,93.0405,88.61,4.761904762,4.4305,7.7,,,
446476729,99.82,2,9.982,209.622,199.64,4.761904762,9.982,6.7,,,
573103877,39.01,1,1.9505,40.9605,39.01,4.761904762,1.9505,4.7,,,
735064124,48.61,1,2.4305,51.0405,48.61,4.761904762,2.4305,4.4,,,
439547422,51.19,4,10.238,214.998,204.76,4.761904762,10.238,4.7,,,
396902219,14.96,8,5.984,125.664,119.68,4.761904762,5.984,8.6,,,
411770180,72.2,7,25.27,530.67,505.4,4.761904762,25.27,4.3,,,
286015402,40.23,7,14.0805,295.6905,281.61,4.761904762,14.0805,9.6,,,
803178013,88.79,8,35.516,745.836,710.32,4.761904762,35.516,4.1,,,
512981403,26.48,3,3.972,83.412,79.44,4.761904762,3.972,4.7,,,
848422560,81.91,2,8.191,172.011,163.82,4.761904762,8.191,7.8,,,
532597201,79.93,6,23.979,503.559,479.58,4.761904762,23.979,5.5,,,
181946432,69.33,2,6.933,145.593,138.66,4.761904762,6.933,9.7,,,
870761733,14.23,5,3.5575,74.7075,71.15,4.761904762,3.5575,4.4,,,
423644619,15.55,9,6.9975,146.9475,139.95,4.761904762,6.9975,5,,,
227074446,78.13,10,39.065,820.365,781.3,4.761904762,39.065,4.4,,,
174363675,99.37,2,9.937,208.677,198.74,4.761904762,9.937,5.2,,,
428835800,21.08,3,3.162,66.402,63.24,4.761904762,3.162,7.3,,,
603070961,74.79,5,18.6975,392.6475,373.95,4.761904762,18.6975,4.9,,,
704204138,29.67,7,10.3845,218.0745,207.69,4.761904762,10.3845,8.1,,,
787151757,44.07,4,8.814,185.094,176.28,4.761904762,8.814,8.4,,,
649113678,22.93,9,10.3185,216.6885,206.37,4.761904762,10.3185,5.5,,,
622201945,39.42,1,1.971,41.391,39.42,4.761904762,1.971,8.4,,,
372948041,15.26,6,4.578,96.138,91.56,4.761904762,4.578,9.8,,,
563917120,61.77,5,15.4425,324.2925,308.85,4.761904762,15.4425,6.7,,,
746545508,21.52,6,6.456,135.576,129.12,4.761904762,6.456,9.4,,,
276540879,97.74,4,19.548,410.508,390.96,4.761904762,19.548,6.4,,,
815111168,99.78,5,24.945,523.845,498.9,4.761904762,24.945,5.4,,,
719763868,94.26,4,18.852,395.892,377.04,4.761904762,18.852,8.6,,,
730618757,51.13,4,10.226,214.746,204.52,4.761904762,10.226,4,,,
340660321,36.36,4,7.272,152.712,145.44,4.761904762,7.272,7.6,,,
868811752,22.02,9,9.909,208.089,198.18,4.761904762,9.909,6.8,,,
634978956,32.9,3,4.935,103.635,98.7,4.761904762,4.935,9.1,,,
566711091,77.02,5,19.255,404.355,385.1,4.761904762,19.255,5.5,,,
442483607,23.48,2,2.348,49.308,46.96,4.761904762,2.348,7.9,,,
835160096,14.7,5,3.675,77.175,73.5,4.761904762,3.675,8.5,,,
527096272,28.45,5,7.1125,149.3625,142.25,4.761904762,7.1125,9.1,,,
898042717,76.4,9,34.38,721.98,687.6,4.761904762,34.38,7.5,,,
692278933,57.95,6,17.385,365.085,347.7,4.761904762,17.385,5.2,,,
633093463,47.65,3,7.1475,150.0975,142.95,4.761904762,7.1475,9.5,,,
374173652,42.82,9,19.269,404.649,385.38,4.761904762,19.269,8.9,,,
378077001,48.09,3,7.2135,151.4835,144.27,4.761904762,7.2135,7.8,,,
433756987,55.97,7,19.5895,411.3795,391.79,4.761904762,19.5895,8.9,,,
873954984,76.9,7,26.915,565.215,538.3,4.761904762,26.915,7.7,,,
416135917,97.03,5,24.2575,509.4075,485.15,4.761904762,24.2575,9.3,,,
150898043,44.65,3,6.6975,140.6475,133.95,4.761904762,6.6975,6.2,,,
135848019,77.93,9,35.0685,736.4385,701.37,4.761904762,35.0685,7.6,,,
441947118,71.95,1,3.5975,75.5475,71.95,4.761904762,3.5975,7.3,,,
725963778,89.25,8,35.7,749.7,714,4.761904762,35.7,4.7,,,
531801784,26.02,7,9.107,191.247,182.14,4.761904762,9.107,5.1,,,
400451220,13.5,10,6.75,141.75,135,4.761904762,6.75,4.8,,,
860790874,99.3,10,49.65,1042.65,993,4.761904762,49.65,6.6,,,
834618124,51.69,7,18.0915,379.9215,361.83,4.761904762,18.0915,5.5,,,
115994379,54.73,7,19.1555,402.2655,383.11,4.761904762,19.1555,8.5,,,
565676697,27,9,12.15,255.15,243,4.761904762,12.15,4.8,,,
320496392,30.24,1,1.512,31.752,30.24,4.761904762,1.512,8.4,,,
889049723,89.14,4,17.828,374.388,356.56,4.761904762,17.828,7.8,,,
632900281,37.55,10,18.775,394.275,375.5,4.761904762,18.775,9.3,,,
554422417,95.44,10,47.72,1002.12,954.4,4.761904762,47.72,5.2,,,
453636187,27.5,3,4.125,86.625,82.5,4.761904762,4.125,6.5,,,
578807669,74.97,1,3.7485,78.7185,74.97,4.761904762,3.7485,5.6,,,
612365536,80.96,8,32.384,680.064,647.68,4.761904762,32.384,7.4,,,
605724132,94.47,8,37.788,793.548,755.76,4.761904762,37.788,9.1,,,
471412823,99.79,2,9.979,209.559,199.58,4.761904762,9.979,8,,,
462679126,73.22,6,21.966,461.286,439.32,4.761904762,21.966,7.2,,,
272279238,41.24,4,8.248,173.208,164.96,4.761904762,8.248,7.1,,,
834259262,81.68,4,16.336,343.056,326.72,4.761904762,16.336,9.1,,,
122619553,51.32,9,23.094,484.974,461.88,4.761904762,23.094,5.6,,,
468880009,65.94,4,13.188,276.948,263.76,4.761904762,13.188,6,,,
613599758,14.36,10,7.18,150.78,143.6,4.761904762,7.18,5.4,,,
254310042,21.5,9,9.675,203.175,193.5,4.761904762,9.675,7.8,,,
201862184,26.26,7,9.191,193.011,183.82,4.761904762,9.191,9.9,,,
261128671,60.96,2,6.096,128.016,121.92,4.761904762,6.096,4.9,,,
730709830,70.11,6,21.033,441.693,420.66,4.761904762,21.033,5.2,,,
382258917,42.08,6,12.624,265.104,252.48,4.761904762,12.624,8.9,,,
422298786,67.09,5,16.7725,352.2225,335.45,4.761904762,16.7725,9.1,,,
667235919,96.7,5,24.175,507.675,483.5,4.761904762,24.175,7,,,
843014703,35.38,9,15.921,334.341,318.42,4.761904762,15.921,9.6,,,
743881662,95.49,7,33.4215,701.8515,668.43,4.761904762,33.4215,8.7,,,
595862894,96.98,4,19.396,407.316,387.92,4.761904762,19.396,9.4,,,
182698360,23.65,4,4.73,99.33,94.6,4.761904762,4.73,4,,,
289157034,82.33,4,16.466,345.786,329.32,4.761904762,16.466,7.5,,,
462785240,26.61,2,2.661,55.881,53.22,4.761904762,2.661,4.2,,,
868527573,99.69,5,24.9225,523.3725,498.45,4.761904762,24.9225,9.9,,,
153584872,74.89,4,14.978,314.538,299.56,4.761904762,14.978,4.2,,,
662722873,40.94,5,10.235,214.935,204.7,4.761904762,10.235,9.9,,,
525887307,75.82,1,3.791,79.611,75.82,4.761904762,3.791,5.8,,,
689169784,46.77,6,14.031,294.651,280.62,4.761904762,14.031,6,,,
725560833,32.32,10,16.16,339.36,323.2,4.761904762,16.16,10,,,
394410748,54.07,9,24.3315,510.9615,486.63,4.761904762,24.3315,9.5,,,
596423999,18.22,7,6.377,133.917,127.54,4.761904762,6.377,6.6,,,
541899860,80.48,3,12.072,253.512,241.44,4.761904762,12.072,8.1,,,
173829529,37.95,10,18.975,398.475,379.5,4.761904762,18.975,9.7,,,
563369814,76.82,1,3.841,80.661,76.82,4.761904762,3.841,7.2,,,
308474913,52.26,10,26.13,548.73,522.6,4.761904762,26.13,6.2,,,
885176250,79.74,1,3.987,83.727,79.74,4.761904762,3.987,7.3,,,
726272396,77.5,5,19.375,406.875,387.5,4.761904762,19.375,4.3,,,
316013952,54.27,5,13.5675,284.9175,271.35,4.761904762,13.5675,4.6,,,
760541821,13.59,9,6.1155,128.4255,122.31,4.761904762,6.1155,5.8,,,
793103222,41.06,6,12.318,258.678,246.36,4.761904762,12.318,8.3,,,
346123257,19.24,9,8.658,181.818,173.16,4.761904762,8.658,8,,,
110056330,39.43,6,11.829,248.409,236.58,4.761904762,11.829,9.4,,,
651610874,46.22,4,9.244,194.124,184.88,4.761904762,9.244,6.2,,,
236863015,13.98,1,0.699,14.679,13.98,4.761904762,0.699,9.8,,,
831640259,39.75,5,9.9375,208.6875,198.75,4.761904762,9.9375,9.6,,,
587037455,97.79,7,34.2265,718.7565,684.53,4.761904762,34.2265,4.9,,,
882404577,67.26,4,13.452,282.492,269.04,4.761904762,13.452,8,,,
732675346,13.79,5,3.4475,72.3975,68.95,4.761904762,3.4475,7.8,,,
725329708,68.71,4,13.742,288.582,274.84,4.761904762,13.742,4.1,,,
256088343,56.53,4,11.306,237.426,226.12,4.761904762,11.306,5.5,,,
372261506,23.82,5,5.955,125.055,119.1,4.761904762,5.955,5.4,,,
244080162,34.21,10,17.105,359.205,342.1,4.761904762,17.105,5.1,,,
569714390,21.87,2,2.187,45.927,43.74,4.761904762,2.187,6.9,,,
132236451,20.97,5,5.2425,110.0925,104.85,4.761904762,5.2425,7.8,,,
696902548,25.84,3,3.876,81.396,77.52,4.761904762,3.876,6.6,,,
472159636,50.93,8,20.372,427.812,407.44,4.761904762,20.372,9.2,,,
268036164,96.11,1,4.8055,100.9155,96.11,4.761904762,4.8055,7.8,,,
750579686,45.38,4,9.076,190.596,181.52,4.761904762,9.076,8.7,,,
186093669,81.51,1,4.0755,85.5855,81.51,4.761904762,4.0755,9.2,,,
848071692,57.22,2,5.722,120.162,114.44,4.761904762,5.722,8.3,,,
745713520,25.22,7,8.827,185.367,176.54,4.761904762,8.827,8.2,,,
266766436,38.6,3,5.79,121.59,115.8,4.761904762,5.79,7.5,,,
740222500,84.05,3,12.6075,264.7575,252.15,4.761904762,12.6075,9.8,,,
271888734,97.21,10,48.605,1020.705,972.1,4.761904762,48.605,8.7,,,
301818610,25.42,8,10.168,213.528,203.36,4.761904762,10.168,6.7,,,
489644354,16.28,1,0.814,17.094,16.28,4.761904762,0.814,5,,,
198847132,40.61,9,18.2745,383.7645,365.49,4.761904762,18.2745,7,,,
269108440,53.17,7,18.6095,390.7995,372.19,4.761904762,18.6095,8.9,,,
650986268,20.87,3,3.1305,65.7405,62.61,4.761904762,3.1305,8,,,
741733559,67.27,5,16.8175,353.1675,336.35,4.761904762,16.8175,6.9,,,
325776186,90.65,10,45.325,951.825,906.5,4.761904762,45.325,7.3,,,
286757818,69.08,2,6.908,145.068,138.16,4.761904762,6.908,6.9,,,
574579721,43.27,2,4.327,90.867,86.54,4.761904762,4.327,5.7,,,
459507686,23.46,6,7.038,147.798,140.76,4.761904762,7.038,6.4,,,
616870016,95.54,7,33.439,702.219,668.78,4.761904762,33.439,9.6,,,
837557229,47.44,1,2.372,49.812,47.44,4.761904762,2.372,6.8,,,
751690068,99.24,9,44.658,937.818,893.16,4.761904762,44.658,9,,,
257731380,82.93,4,16.586,348.306,331.72,4.761904762,16.586,9.6,,,
345084992,33.99,6,10.197,214.137,203.94,4.761904762,10.197,7.7,,,
549964200,17.04,4,3.408,71.568,68.16,4.761904762,3.408,7,,,
810606344,40.86,8,16.344,343.224,326.88,4.761904762,16.344,6.5,,,
450282866,17.44,5,4.36,91.56,87.2,4.761904762,4.36,8.1,,,
394303170,88.43,8,35.372,742.812,707.44,4.761904762,35.372,4.3,,,
138175109,89.21,9,40.1445,843.0345,802.89,4.761904762,40.1445,6.5,,,
192987397,12.78,1,0.639,13.419,12.78,4.761904762,0.639,9.5,,,
301119629,19.1,7,6.685,140.385,133.7,4.761904762,6.685,9.7,,,
390805128,19.15,1,0.9575,20.1075,19.15,4.761904762,0.9575,9.5,,,
235468343,27.66,10,13.83,290.43,276.6,4.761904762,13.83,8.9,,,
453127053,45.74,3,6.861,144.081,137.22,4.761904762,6.861,6.5,,,
296117041,27.07,1,1.3535,28.4235,27.07,4.761904762,1.3535,5.3,,,
449272918,39.12,1,1.956,41.076,39.12,4.761904762,1.956,9.6,,,
891017034,74.71,6,22.413,470.673,448.26,4.761904762,22.413,6.7,,,
744095786,22.01,6,6.603,138.663,132.06,4.761904762,6.603,7.6,,,
727170390,63.61,5,15.9025,333.9525,318.05,4.761904762,15.9025,4.8,,,
568883448,25,1,1.25,26.25,25,4.761904762,1.25,5.5,,,
187835490,20.77,4,4.154,87.234,83.08,4.761904762,4.154,4.7,,,
767541907,29.56,5,7.39,155.19,147.8,4.761904762,7.39,6.9,,,
710464433,77.4,9,34.83,731.43,696.6,4.761904762,34.83,4.5,,,
533335337,79.39,10,39.695,833.595,793.9,4.761904762,39.695,6.2,,,
325908763,46.57,10,23.285,488.985,465.7,4.761904762,23.285,7.6,,,
729467422,35.89,1,1.7945,37.6845,35.89,4.761904762,1.7945,7.9,,,
639761242,40.52,5,10.13,212.73,202.6,4.761904762,10.13,4.5,,,
234034040,73.05,10,36.525,767.025,730.5,4.761904762,36.525,8.7,,,
326712155,73.95,4,14.79,310.59,295.8,4.761904762,14.79,6.1,,,
320328842,22.62,1,1.131,23.751,22.62,4.761904762,1.131,6.4,,,
470329057,51.34,5,12.835,269.535,256.7,4.761904762,12.835,9.1,,,
878302331,54.55,10,27.275,572.775,545.5,4.761904762,27.275,7.1,,,
440595691,37.15,7,13.0025,273.0525,260.05,4.761904762,13.0025,7.7,,,
554533790,37.02,6,11.106,233.226,222.12,4.761904762,11.106,4.5,,,
746190921,21.58,1,1.079,22.659,21.58,4.761904762,1.079,7.2,,,
233340817,98.84,1,4.942,103.782,98.84,4.761904762,4.942,8.4,,,
767051286,83.77,6,25.131,527.751,502.62,4.761904762,25.131,5.4,,,
340219136,40.05,4,8.01,168.21,160.2,4.761904762,8.01,9.7,,,
405313305,43.13,10,21.565,452.865,431.3,4.761904762,21.565,5.5,,,
731597531,72.57,8,29.028,609.588,580.56,4.761904762,29.028,4.6,,,
676396028,64.44,5,16.11,338.31,322.2,4.761904762,16.11,6.6,,,
502051910,65.18,3,9.777,205.317,195.54,4.761904762,9.777,6.3,,,
485308700,33.26,5,8.315,174.615,166.3,4.761904762,8.315,4.2,,,
598479715,84.07,4,16.814,353.094,336.28,4.761904762,16.814,4.4,,,
701698742,34.37,10,17.185,360.885,343.7,4.761904762,17.185,6.7,,,
575671508,38.6,1,1.93,40.53,38.6,4.761904762,1.93,6.7,,,
541083113,65.97,8,26.388,554.148,527.76,4.761904762,26.388,8.4,,,
246113901,32.8,10,16.4,344.4,328,4.761904762,16.4,6.2,,,
674159296,37.14,5,9.285,194.985,185.7,4.761904762,9.285,5,,,
305183552,60.38,10,30.19,633.99,603.8,4.761904762,30.19,6,,,
493656248,36.98,10,18.49,388.29,369.8,4.761904762,18.49,7,,,
438014015,49.49,4,9.898,207.858,197.96,4.761904762,9.898,6.6,,,
709584068,41.09,10,20.545,431.445,410.9,4.761904762,20.545,7.3,,,
795497276,37.15,4,7.43,156.03,148.6,4.761904762,7.43,8.3,,,
556728512,22.96,1,1.148,24.108,22.96,4.761904762,1.148,4.3,,,
627953243,77.68,9,34.956,734.076,699.12,4.761904762,34.956,9.8,,,
686410932,34.7,2,3.47,72.87,69.4,4.761904762,3.47,8.2,,,
510095628,19.66,10,9.83,206.43,196.6,4.761904762,9.83,7.2,,,
608043797,25.32,8,10.128,212.688,202.56,4.761904762,10.128,8.7,,,
148822527,12.12,10,6.06,127.26,121.2,4.761904762,6.06,8.4,,,
437533084,99.89,2,9.989,209.769,199.78,4.761904762,9.989,7.1,,,
632324574,75.92,8,30.368,637.728,607.36,4.761904762,30.368,5.5,,,
556977101,63.22,2,6.322,132.762,126.44,4.761904762,6.322,8.5,,,
862598517,90.24,6,27.072,568.512,541.44,4.761904762,27.072,6.2,,,
401188016,98.13,1,4.9065,103.0365,98.13,4.761904762,4.9065,8.9,,,
420188989,51.52,8,20.608,432.768,412.16,4.761904762,20.608,9.6,,,
277632961,73.97,1,3.6985,77.6685,73.97,4.761904762,3.6985,5.4,,,
573988548,31.9,1,1.595,33.495,31.9,4.761904762,1.595,9.1,,,
620022046,69.4,2,6.94,145.74,138.8,4.761904762,6.94,9,,,
282352475,93.31,2,9.331,195.951,186.62,4.761904762,9.331,6.3,,,
511543087,88.45,1,4.4225,92.8725,88.45,4.761904762,4.4225,9.5,,,
726296793,24.18,8,9.672,203.112,193.44,4.761904762,9.672,9.8,,,
387494215,48.5,3,7.275,152.775,145.5,4.761904762,7.275,6.7,,,
862179201,84.05,6,25.215,529.515,504.3,4.761904762,25.215,7.7,,,
291215991,61.29,5,15.3225,321.7725,306.45,4.761904762,15.3225,7,,,
602809671,15.95,6,4.785,100.485,95.7,4.761904762,4.785,5.1,,,
347726115,90.74,7,31.759,666.939,635.18,4.761904762,31.759,6.2,,,
209610206,42.91,5,10.7275,225.2775,214.55,4.761904762,10.7275,6.1,,,
595274851,54.28,7,18.998,398.958,379.96,4.761904762,18.998,9.3,,,
189520236,99.55,7,34.8425,731.6925,696.85,4.761904762,34.8425,7.6,,,
503070930,58.39,7,20.4365,429.1665,408.73,4.761904762,20.4365,8.2,,,
413206708,51.47,1,2.5735,54.0435,51.47,4.761904762,2.5735,8.5,,,
425852085,54.86,5,13.715,288.015,274.3,4.761904762,13.715,9.8,,,
521187827,39.39,5,9.8475,206.7975,196.95,4.761904762,9.8475,8.7,,,
220281851,34.73,2,3.473,72.933,69.46,4.761904762,3.473,9.7,,,
600389738,71.92,5,17.98,377.58,359.6,4.761904762,17.98,4.3,,,
734911155,45.71,3,6.8565,143.9865,137.13,4.761904762,6.8565,7.7,,,
451285717,83.17,6,24.951,523.971,499.02,4.761904762,24.951,7.3,,,
609818548,37.44,6,11.232,235.872,224.64,4.761904762,11.232,5.9,,,
133147229,62.87,2,6.287,132.027,125.74,4.761904762,6.287,5,,,
534014457,81.71,6,24.513,514.773,490.26,4.761904762,24.513,8,,,
719898991,91.41,5,22.8525,479.9025,457.05,4.761904762,22.8525,7.1,,,
286626248,39.21,4,7.842,164.682,156.84,4.761904762,7.842,9,,,
339389982,59.86,2,5.986,125.706,119.72,4.761904762,5.986,6.7,,,
827445872,54.36,10,27.18,570.78,543.6,4.761904762,27.18,6.1,,,
827777633,98.09,9,44.1405,926.9505,882.81,4.761904762,44.1405,9.3,,,
287831405,25.43,6,7.629,160.209,152.58,4.761904762,7.629,7,,,
435134908,86.68,8,34.672,728.112,693.44,4.761904762,34.672,7.2,,,
857679057,22.95,10,11.475,240.975,229.5,4.761904762,11.475,8.2,,,
236271144,16.31,9,7.3395,154.1295,146.79,4.761904762,7.3395,8.4,,,
892056689,28.32,5,7.08,148.68,141.6,4.761904762,7.08,6.2,,,
583414548,16.67,7,5.8345,122.5245,116.69,4.761904762,5.8345,7.4,,,
339124827,73.96,1,3.698,77.658,73.96,4.761904762,3.698,5,,,
643387867,97.94,1,4.897,102.837,97.94,4.761904762,4.897,6.9,,,
308810538,73.05,4,14.61,306.81,292.2,4.761904762,14.61,4.9,,,
358889262,87.48,6,26.244,551.124,524.88,4.761904762,26.244,5.1,,,
460354390,30.68,3,4.602,96.642,92.04,4.761904762,4.602,9.1,,,
343870864,75.88,1,3.794,79.674,75.88,4.761904762,3.794,7.1,,,
173501108,20.18,4,4.036,84.756,80.72,4.761904762,4.036,5,,,
243472663,18.77,6,5.631,118.251,112.62,4.761904762,5.631,5.5,,,
841188232,71.2,1,3.56,74.76,71.2,4.761904762,3.56,9.2,,,
701235550,38.81,4,7.762,163.002,155.24,4.761904762,7.762,4.9,,,
647501224,29.42,10,14.71,308.91,294.2,4.761904762,14.71,8.9,,,
541488554,60.95,9,27.4275,575.9775,548.55,4.761904762,27.4275,6,,,
539217227,51.54,5,12.885,270.585,257.7,4.761904762,12.885,4.2,,,
213321216,66.06,6,19.818,416.178,396.36,4.761904762,19.818,7.3,,,
747587183,57.27,3,8.5905,180.4005,171.81,4.761904762,8.5905,6.5,,,
582528065,54.31,9,24.4395,513.2295,488.79,4.761904762,24.4395,8.9,,,
210571719,58.24,9,26.208,550.368,524.16,4.761904762,26.208,9.7,,,
399694630,22.21,6,6.663,139.923,133.26,4.761904762,6.663,8.6,,,
134752619,19.32,7,6.762,142.002,135.24,4.761904762,6.762,6.9,,,
356448813,37.48,3,5.622,118.062,112.44,4.761904762,5.622,7.7,,,
198669832,72.04,2,7.204,151.284,144.08,4.761904762,7.204,9.5,,,
283265248,98.52,10,49.26,1034.46,985.2,4.761904762,49.26,4.5,,,
712390363,41.66,6,12.498,262.458,249.96,4.761904762,12.498,5.6,,,
218599410,72.42,3,10.863,228.123,217.26,4.761904762,10.863,8.2,,,
174750888,21.58,9,9.711,203.931,194.22,4.761904762,9.711,7.3,,,
866997614,89.2,10,44.6,936.6,892,4.761904762,44.6,4.4,,,
134544720,42.42,8,16.968,356.328,339.36,4.761904762,16.968,5.7,,,
760902357,74.51,6,22.353,469.413,447.06,4.761904762,22.353,5,,,
514372845,99.25,2,9.925,208.425,198.5,4.761904762,9.925,9,,,
698985964,81.21,10,40.605,852.705,812.1,4.761904762,40.605,6.3,,,
718579773,49.33,10,24.665,517.965,493.3,4.761904762,24.665,9.4,,,
651887328,65.74,9,29.583,621.243,591.66,4.761904762,29.583,7.7,,,
241112261,79.86,7,27.951,586.971,559.02,4.761904762,27.951,5.5,,,
408269866,73.98,7,25.893,543.753,517.86,4.761904762,25.893,4.1,,,
834831826,82.04,5,20.51,430.71,410.2,4.761904762,20.51,7.6,,,
343613544,26.67,10,13.335,280.035,266.7,4.761904762,13.335,8.6,,,
239484278,10.13,7,3.5455,74.4555,70.91,4.761904762,3.5455,8.3,,,
355346244,72.39,2,7.239,152.019,144.78,4.761904762,7.239,8.1,,,
550848664,85.91,5,21.4775,451.0275,429.55,4.761904762,21.4775,8.6,,,
339968318,81.31,7,28.4585,597.6285,569.17,4.761904762,28.4585,6.3,,,
458610011,60.3,4,12.06,253.26,241.2,4.761904762,12.06,5.8,,,
592346155,31.77,4,6.354,133.434,127.08,4.761904762,6.354,6.2,,,
797880493,64.27,4,12.854,269.934,257.08,4.761904762,12.854,7.7,,,
207731363,69.51,2,6.951,145.971,139.02,4.761904762,6.951,8.1,,,
390316381,27.22,3,4.083,85.743,81.66,4.761904762,4.083,7.3,,,
443820585,77.68,4,15.536,326.256,310.72,4.761904762,15.536,8.4,,,
339187061,92.98,2,9.298,195.258,185.96,4.761904762,9.298,8,,,
359903665,18.08,4,3.616,75.936,72.32,4.761904762,3.616,9.5,,,
375723056,63.06,3,9.459,198.639,189.18,4.761904762,9.459,7,,,
127476963,51.71,4,10.342,217.182,206.84,4.761904762,10.342,9.8,,,
278862735,52.34,3,7.851,164.871,157.02,4.761904762,7.851,9.2,,,
695286250,43.06,5,10.765,226.065,215.3,4.761904762,10.765,7.7,,,
379176588,59.61,10,29.805,625.905,596.1,4.761904762,29.805,5.3,,,
227503718,14.62,5,3.655,76.755,73.1,4.761904762,3.655,4.4,,,
302152162,46.53,6,13.959,293.139,279.18,4.761904762,13.959,4.3,,,
788078452,24.24,7,8.484,178.164,169.68,4.761904762,8.484,9.4,,,
560496611,45.58,1,2.279,47.859,45.58,4.761904762,2.279,9.8,,,
880350356,75.2,3,11.28,236.88,225.6,4.761904762,11.28,4.8,,,
585116748,96.8,3,14.52,304.92,290.4,4.761904762,14.52,5.3,,,
470313286,14.82,3,2.223,46.683,44.46,4.761904762,2.223,8.7,,,
152682907,52.2,3,7.83,164.43,156.6,4.761904762,7.83,9.5,,,
123354896,46.66,9,20.997,440.937,419.94,4.761904762,20.997,5.3,,,
258697810,36.85,5,9.2125,193.4625,184.25,4.761904762,9.2125,9.2,,,
334642006,70.32,2,7.032,147.672,140.64,4.761904762,7.032,9.6,,,
219614139,83.08,1,4.154,87.234,83.08,4.761904762,4.154,6.4,,,
881417302,64.99,1,3.2495,68.2395,64.99,4.761904762,3.2495,4.5,,,
373094567,77.56,10,38.78,814.38,775.6,4.761904762,38.78,6.9,,,
642306693,54.51,6,16.353,343.413,327.06,4.761904762,16.353,7.8,,,
484228230,51.89,7,18.1615,381.3915,363.23,4.761904762,18.1615,4.5,,,
830582383,31.75,4,6.35,133.35,127,4.761904762,6.35,8.6,,,
559989873,53.65,7,18.7775,394.3275,375.55,4.761904762,18.7775,5.2,,,
544325024,49.79,4,9.958,209.118,199.16,4.761904762,9.958,6.4,,,
318120304,30.61,1,1.5305,32.1405,30.61,4.761904762,1.5305,5.2,,,
349978902,57.89,2,5.789,121.569,115.78,4.761904762,5.789,8.9,,,
421959805,28.96,1,1.448,30.408,28.96,4.761904762,1.448,6.2,,,
277355865,98.97,9,44.5365,935.2665,890.73,4.761904762,44.5365,6.7,,,
789238625,93.22,3,13.983,293.643,279.66,4.761904762,13.983,7.2,,,
284544231,80.93,1,4.0465,84.9765,80.93,4.761904762,4.0465,9,,,
443590061,67.45,10,33.725,708.225,674.5,4.761904762,33.725,4.2,,,
509293912,38.72,9,17.424,365.904,348.48,4.761904762,17.424,4.2,,,
327409673,72.6,6,21.78,457.38,435.6,4.761904762,21.78,6.9,,,
840192096,87.91,5,21.9775,461.5275,439.55,4.761904762,21.9775,4.4,,,
828466863,98.53,6,29.559,620.739,591.18,4.761904762,29.559,4,,,
641963695,43.46,6,13.038,273.798,260.76,4.761904762,13.038,8.5,,,
420973340,71.68,3,10.752,225.792,215.04,4.761904762,10.752,9.2,,,
436544512,91.61,1,4.5805,96.1905,91.61,4.761904762,4.5805,9.8,,,
670796321,94.59,7,33.1065,695.2365,662.13,4.761904762,33.1065,4.9,,,
852627105,83.25,10,41.625,874.125,832.5,4.761904762,41.625,4.4,,,
598067312,91.35,1,4.5675,95.9175,91.35,4.761904762,4.5675,6.8,,,
135138269,78.88,2,7.888,165.648,157.76,4.761904762,7.888,9.1,,,
816572053,60.87,2,6.087,127.827,121.74,4.761904762,6.087,8.7,,,
628908624,82.58,10,41.29,867.09,825.8,4.761904762,41.29,5,,,
856662701,53.3,3,7.995,167.895,159.9,4.761904762,7.995,7.5,,,
308391707,12.09,1,0.6045,12.6945,12.09,4.761904762,0.6045,8.2,,,
149611929,64.19,10,32.095,673.995,641.9,4.761904762,32.095,6.7,,,
655072265,78.31,3,11.7465,246.6765,234.93,4.761904762,11.7465,5.4,,,
589028023,83.77,2,8.377,175.917,167.54,4.761904762,8.377,7,,,
420047590,99.7,3,14.955,314.055,299.1,4.761904762,14.955,4.7,,,
182882763,79.91,3,11.9865,251.7165,239.73,4.761904762,11.9865,5,,,
188550967,66.47,10,33.235,697.935,664.7,4.761904762,33.235,5,,,
610464100,28.95,7,10.1325,212.7825,202.65,4.761904762,10.1325,6,,,
318812368,46.2,1,2.31,48.51,46.2,4.761904762,2.31,6.3,,,
364338584,17.63,5,4.4075,92.5575,88.15,4.761904762,4.4075,8.5,,,
665639737,52.42,3,7.863,165.123,157.26,4.761904762,7.863,7.5,,,
695095146,98.79,3,14.8185,311.1885,296.37,4.761904762,14.8185,6.4,,,
155453814,88.55,8,35.42,743.82,708.4,4.761904762,35.42,4.7,,,
794322436,55.67,2,5.567,116.907,111.34,4.761904762,5.567,6,,,
131158856,72.52,8,29.008,609.168,580.16,4.761904762,29.008,4,,,
273842164,12.05,5,3.0125,63.2625,60.25,4.761904762,3.0125,5.5,,,
706366154,19.36,9,8.712,182.952,174.24,4.761904762,8.712,8.7,,,
778897974,70.21,6,21.063,442.323,421.26,4.761904762,21.063,7.4,,,
574318277,33.63,1,1.6815,35.3115,33.63,4.761904762,1.6815,5.6,,,
859710933,15.49,2,1.549,32.529,30.98,4.761904762,1.549,6.3,,,
740115257,24.74,10,12.37,259.77,247.4,4.761904762,12.37,7.1,,,
369822676,75.66,5,18.915,397.215,378.3,4.761904762,18.915,7.8,,,
563474072,55.81,6,16.743,351.603,334.86,4.761904762,16.743,9.9,,,
742045161,72.78,10,36.39,764.19,727.8,4.761904762,36.39,7.3,,,
149157606,37.32,9,16.794,352.674,335.88,4.761904762,16.794,5.1,,,
133773154,60.18,4,12.036,252.756,240.72,4.761904762,12.036,9.4,,,
169524504,15.69,3,2.3535,49.4235,47.07,4.761904762,2.3535,5.8,,,
250817186,99.69,1,4.9845,104.6745,99.69,4.761904762,4.9845,8,,,
562125430,88.15,3,13.2225,277.6725,264.45,4.761904762,13.2225,7.9,,,
816728853,27.93,5,6.9825,146.6325,139.65,4.761904762,6.9825,5.9,,,
491383499,55.45,1,2.7725,58.2225,55.45,4.761904762,2.7725,4.9,,,
322022271,42.97,3,6.4455,135.3555,128.91,4.761904762,6.4455,9.3,,,
842294695,17.14,7,5.999,125.979,119.98,4.761904762,5.999,7.9,,,
725672480,58.75,6,17.625,370.125,352.5,4.761904762,17.625,5.9,,,
641512661,87.1,10,43.55,914.55,871,4.761904762,43.55,9.9,,,
714023114,98.8,2,9.88,207.48,197.6,4.761904762,9.88,7.7,,,
518172983,48.63,4,9.726,204.246,194.52,4.761904762,9.726,7.6,,,
779422410,57.74,3,8.661,181.881,173.22,4.761904762,8.661,7.7,,,
190143147,17.97,4,3.594,75.474,71.88,4.761904762,3.594,6.4,,,
408666712,47.71,6,14.313,300.573,286.26,4.761904762,14.313,4.4,,,
679226530,40.62,2,4.062,85.302,81.24,4.761904762,4.062,4.1,,,
588478641,56.04,10,28.02,588.42,560.4,4.761904762,28.02,4.4,,,
642614706,93.4,2,9.34,196.14,186.8,4.761904762,9.34,5.5,,,
576314774,73.41,3,11.0115,231.2415,220.23,4.761904762,11.0115,4,,,
556416224,33.64,8,13.456,282.576,269.12,4.761904762,13.456,9.3,,,
811038790,45.48,10,22.74,477.54,454.8,4.761904762,22.74,4.8,,,
242113142,83.77,2,8.377,175.917,167.54,4.761904762,8.377,4.6,,,
752233760,64.08,7,22.428,470.988,448.56,4.761904762,22.428,7.3,,,
274055470,73.47,4,14.694,308.574,293.88,4.761904762,14.694,6,,,
648943045,58.95,10,29.475,618.975,589.5,4.761904762,29.475,8.1,,,
130674723,48.5,6,14.55,305.55,291,4.761904762,14.55,9.4,,,
528875606,39.48,1,1.974,41.454,39.48,4.761904762,1.974,6.5,,,
320852052,34.81,1,1.7405,36.5505,34.81,4.761904762,1.7405,7,,,
370960655,49.32,6,14.796,310.716,295.92,4.761904762,14.796,7.1,,,
105106182,21.48,2,2.148,45.108,42.96,4.761904762,2.148,6.6,,,
510790415,23.08,6,6.924,145.404,138.48,4.761904762,6.924,4.9,,,
241965076,49.1,2,4.91,103.11,98.2,4.761904762,4.91,6.4,,,
767974650,64.83,2,6.483,136.143,129.66,4.761904762,6.483,8,,,
648831321,63.56,10,31.78,667.38,635.6,4.761904762,31.78,4.3,,,
173572300,72.88,2,7.288,153.048,145.76,4.761904762,7.288,6.1,,,
305032383,67.1,3,10.065,211.365,201.3,4.761904762,10.065,7.5,,,
394556384,70.19,9,31.5855,663.2955,631.71,4.761904762,31.5855,6.7,,,
266206657,55.04,7,19.264,404.544,385.28,4.761904762,19.264,5.2,,,
689051884,48.63,10,24.315,510.615,486.3,4.761904762,24.315,8.8,,,
196012849,73.38,7,25.683,539.343,513.66,4.761904762,25.683,9.5,,,
372625264,52.6,9,23.67,497.07,473.4,4.761904762,23.67,7.6,,,
800098606,87.37,5,21.8425,458.6925,436.85,4.761904762,21.8425,6.6,,,
182527000,27.04,4,5.408,113.568,108.16,4.761904762,5.408,6.9,,,
826588051,62.19,4,12.438,261.198,248.76,4.761904762,12.438,4.3,,,
868060466,69.58,9,31.311,657.531,626.22,4.761904762,31.311,7.8,,,
751419720,97.5,10,48.75,1023.75,975,4.761904762,48.75,8,,,
626437888,60.41,8,24.164,507.444,483.28,4.761904762,24.164,9.6,,,
176647711,32.32,3,4.848,101.808,96.96,4.761904762,4.848,4.3,,,
191290321,19.77,10,9.885,207.585,197.7,4.761904762,9.885,5,,,
729062010,80.47,9,36.2115,760.4415,724.23,4.761904762,36.2115,9.2,,,
640485028,88.39,9,39.7755,835.2855,795.51,4.761904762,39.7755,6.3,,,
186799562,71.77,7,25.1195,527.5095,502.39,4.761904762,25.1195,8.9,,,
834455519,43,4,8.6,180.6,172,4.761904762,8.6,7.6,,,
162658559,68.98,1,3.449,72.429,68.98,4.761904762,3.449,4.8,,,
760275490,15.62,8,6.248,131.208,124.96,4.761904762,6.248,9.1,,,
445309252,25.7,3,3.855,80.955,77.1,4.761904762,3.855,6.1,,,
786942700,80.62,6,24.186,507.906,483.72,4.761904762,24.186,9.1,,,
728887867,75.53,4,15.106,317.226,302.12,4.761904762,15.106,8.3,,,
183213799,77.63,9,34.9335,733.6035,698.67,4.761904762,34.9335,7.2,,,
268203585,13.85,9,6.2325,130.8825,124.65,4.761904762,6.2325,6,,,
735329839,98.7,8,39.48,829.08,789.6,4.761904762,39.48,8.5,,,
258927466,35.68,5,8.92,187.32,178.4,4.761904762,8.92,6.6,,,
857163520,71.46,7,25.011,525.231,500.22,4.761904762,25.011,4.5,,,
482171179,11.94,3,1.791,37.611,35.82,4.761904762,1.791,8.1,,,
788215741,45.38,3,6.807,142.947,136.14,4.761904762,6.807,7.2,,,
821149046,17.48,6,5.244,110.124,104.88,4.761904762,5.244,6.1,,,
418050656,25.56,7,8.946,187.866,178.92,4.761904762,8.946,7.1,,,
678790726,90.63,9,40.7835,856.4535,815.67,4.761904762,40.7835,5.1,,,
776681096,44.12,3,6.618,138.978,132.36,4.761904762,6.618,7.9,,,
592461692,36.77,7,12.8695,270.2595,257.39,4.761904762,12.8695,7.4,,,
434359162,23.34,4,4.668,98.028,93.36,4.761904762,4.668,7.4,,,
149140304,28.5,8,11.4,239.4,228,4.761904762,11.4,6.6,,,
442446497,55.57,3,8.3355,175.0455,166.71,4.761904762,8.3355,5.9,,,
174640215,69.74,10,34.87,732.27,697.4,4.761904762,34.87,8.9,,,
210749613,97.26,4,19.452,408.492,389.04,4.761904762,19.452,6.8,,,
299290180,52.18,7,18.263,383.523,365.26,4.761904762,18.263,9.3,,,
247112470,22.32,4,4.464,93.744,89.28,4.761904762,4.464,4.4,,,
635285728,56,3,8.4,176.4,168,4.761904762,8.4,4.8,,,
756490168,19.7,1,0.985,20.685,19.7,4.761904762,0.985,9.5,,,
438231242,75.88,7,26.558,557.718,531.16,4.761904762,26.558,8.9,,,
238456950,53.72,1,2.686,56.406,53.72,4.761904762,2.686,6.4,,,
607652441,81.95,10,40.975,860.475,819.5,4.761904762,40.975,6,,,
386277606,81.2,7,28.42,596.82,568.4,4.761904762,28.42,8.1,,,
137635492,58.76,10,29.38,616.98,587.6,4.761904762,29.38,9,,,
197777132,91.56,8,36.624,769.104,732.48,4.761904762,36.624,6,,,
805860265,93.96,9,42.282,887.922,845.64,4.761904762,42.282,9.8,,,
733291227,55.61,7,19.4635,408.7335,389.27,4.761904762,19.4635,8.5,,,
451732711,84.83,1,4.2415,89.0715,84.83,4.761904762,4.2415,8.8,,,
373140504,71.63,2,7.163,150.423,143.26,4.761904762,7.163,8.8,,,
546802899,37.69,2,3.769,79.149,75.38,4.761904762,3.769,9.5,,,
345689016,31.67,8,12.668,266.028,253.36,4.761904762,12.668,5.6,,,
390175806,38.42,1,1.921,40.341,38.42,4.761904762,1.921,8.6,,,
457131708,65.23,10,32.615,684.915,652.3,4.761904762,32.615,5.2,,,
664142882,10.53,5,2.6325,55.2825,52.65,4.761904762,2.6325,5.8,,,
487796868,12.29,9,5.5305,116.1405,110.61,4.761904762,5.5305,8,,,
314234520,81.23,7,28.4305,597.0405,568.61,4.761904762,28.4305,9,,,
210307976,22.32,4,4.464,93.744,89.28,4.761904762,4.464,4.1,,,
585868361,27.28,5,6.82,143.22,136.4,4.761904762,6.82,8.6,,,
807147833,17.42,10,8.71,182.91,174.2,4.761904762,8.71,7,,,
775721988,73.28,5,18.32,384.72,366.4,4.761904762,18.32,8.4,,,
288383758,84.87,3,12.7305,267.3405,254.61,4.761904762,12.7305,7.4,,,
652436591,97.29,8,38.916,817.236,778.32,4.761904762,38.916,6.2,,,
785960615,35.74,8,14.296,300.216,285.92,4.761904762,14.296,4.9,,,
406467107,96.52,6,28.956,608.076,579.12,4.761904762,28.956,4.5,,,
250175703,18.85,10,9.425,197.925,188.5,4.761904762,9.425,5.6,,,
156953964,55.39,4,11.078,232.638,221.56,4.761904762,11.078,8,,,
842408179,77.2,10,38.6,810.6,772,4.761904762,38.6,5.6,,,
525098450,72.13,10,36.065,757.365,721.3,4.761904762,36.065,4.2,,,
410671709,63.88,8,25.552,536.592,511.04,4.761904762,25.552,9.9,,,
587734862,10.69,5,2.6725,56.1225,53.45,4.761904762,2.6725,7.6,,,
787872010,55.5,4,11.1,233.1,222,4.761904762,11.1,6.6,,,
593144239,95.46,8,38.184,801.864,763.68,4.761904762,38.184,4.7,,,
801880346,76.06,3,11.409,239.589,228.18,4.761904762,11.409,9.8,,,
388762555,13.69,6,4.107,86.247,82.14,4.761904762,4.107,6.3,,,
711311234,95.64,4,19.128,401.688,382.56,4.761904762,19.128,7.9,,,
886546089,11.43,6,3.429,72.009,68.58,4.761904762,3.429,7.7,,,
707327409,95.54,4,19.108,401.268,382.16,4.761904762,19.108,4.5,,,
759984285,85.87,7,30.0545,631.1445,601.09,4.761904762,30.0545,8,,,
201638275,67.99,7,23.7965,499.7265,475.93,4.761904762,23.7965,5.7,,,
471068611,52.42,1,2.621,55.041,52.42,4.761904762,2.621,6.3,,,
200165952,65.65,2,6.565,137.865,131.3,4.761904762,6.565,6,,,
120542248,28.86,5,7.215,151.515,144.3,4.761904762,7.215,8,,,
102772261,65.31,7,22.8585,480.0285,457.17,4.761904762,22.8585,4.2,,,
875318302,93.38,1,4.669,98.049,93.38,4.761904762,4.669,9.6,,,
102062002,25.25,5,6.3125,132.5625,126.25,4.761904762,6.3125,6.1,,,
457940464,87.87,9,39.5415,830.3715,790.83,4.761904762,39.5415,5.6,,,
629424133,21.8,8,8.72,183.12,174.4,4.761904762,8.72,8.3,,,
534533526,94.76,4,18.952,397.992,379.04,4.761904762,18.952,7.8,,,
307042070,30.62,1,1.531,32.151,30.62,4.761904762,1.531,4.1,,,
468997231,44.01,8,17.604,369.684,352.08,4.761904762,17.604,8.8,,,
516776464,10.16,5,2.54,53.34,50.8,4.761904762,2.54,4.1,,,
404915964,74.58,7,26.103,548.163,522.06,4.761904762,26.103,9,,,
886779084,71.89,8,28.756,603.876,575.12,4.761904762,28.756,5.5,,,
790384466,10.99,5,2.7475,57.6975,54.95,4.761904762,2.7475,9.3,,,
704104056,60.47,3,9.0705,190.4805,181.41,4.761904762,9.0705,5.6,,,
497376538,58.91,7,20.6185,432.9885,412.37,4.761904762,20.6185,9.7,,,
651965970,46.41,1,2.3205,48.7305,46.41,4.761904762,2.3205,4,,,
400804065,68.55,4,13.71,287.91,274.2,4.761904762,13.71,9.2,,,
744167898,97.37,10,48.685,1022.385,973.7,4.761904762,48.685,4.9,,,
263125321,92.6,7,32.41,680.61,648.2,4.761904762,32.41,9.3,,,
702720487,46.61,2,4.661,97.881,93.22,4.761904762,4.661,6.6,,,
605831050,27.18,2,2.718,57.078,54.36,4.761904762,2.718,4.3,,,
443609639,60.87,1,3.0435,63.9135,60.87,4.761904762,3.0435,5.5,,,
864247918,24.49,10,12.245,257.145,244.9,4.761904762,12.245,8.1,,,
359945395,92.78,1,4.639,97.419,92.78,4.761904762,4.639,9.8,,,
401094232,86.69,5,21.6725,455.1225,433.45,4.761904762,21.6725,9.4,,,
751156198,23.01,6,6.903,144.963,138.06,4.761904762,6.903,7.9,,,
324416833,30.2,8,12.08,253.68,241.6,4.761904762,12.08,5.1,,,
474338305,67.39,7,23.5865,495.3165,471.73,4.761904762,23.5865,6.9,,,
759299521,48.96,9,22.032,462.672,440.64,4.761904762,22.032,8,,,
831816575,75.59,9,34.0155,714.3255,680.31,4.761904762,34.0155,8,,,
220686701,77.47,4,15.494,325.374,309.88,4.761904762,15.494,4.2,,,
618348551,93.18,2,9.318,195.678,186.36,4.761904762,9.318,8.5,,,
257607754,50.23,4,10.046,210.966,200.92,4.761904762,10.046,9,,,
559615987,17.75,1,0.8875,18.6375,17.75,4.761904762,0.8875,8.6,,,
189552313,62.18,10,31.09,652.89,621.8,4.761904762,31.09,6,,,
565914567,10.75,8,4.3,90.3,86,4.761904762,4.3,6.2,,,
380605336,40.26,10,20.13,422.73,402.6,4.761904762,20.13,5,,,
815046282,64.97,5,16.2425,341.0925,324.85,4.761904762,16.2425,6.5,,,
674566360,95.15,1,4.7575,99.9075,95.15,4.761904762,4.7575,6,,,
778342523,48.62,8,19.448,408.408,388.96,4.761904762,19.448,5,,,
499277781,53.21,8,21.284,446.964,425.68,4.761904762,21.284,5,,,
477592456,45.44,7,15.904,333.984,318.08,4.761904762,15.904,9.2,,,
832516761,33.88,8,13.552,284.592,271.04,4.761904762,13.552,9.6,,,
869113082,96.16,4,19.232,403.872,384.64,4.761904762,19.232,8.4,,,
190593964,47.16,5,11.79,247.59,235.8,4.761904762,11.79,6,,,
366436862,52.89,4,10.578,222.138,211.56,4.761904762,10.578,6.7,,,
186438965,47.68,2,4.768,100.128,95.36,4.761904762,4.768,4.1,,,
784219238,10.17,1,0.5085,10.6785,10.17,4.761904762,0.5085,5.9,,,
276756884,68.71,3,10.3065,216.4365,206.13,4.761904762,10.3065,8.7,,,
109864363,60.08,7,21.028,441.588,420.56,4.761904762,21.028,4.5,,,
569762760,22.01,4,4.402,92.442,88.04,4.761904762,4.402,6.6,,,
222420244,72.11,9,32.4495,681.4395,648.99,4.761904762,32.4495,7.7,,,
760539233,41.28,3,6.192,130.032,123.84,4.761904762,6.192,8.5,,,
538220304,64.95,10,32.475,681.975,649.5,4.761904762,32.475,5.2,,,
416179926,74.22,10,37.11,779.31,742.2,4.761904762,37.11,4.3,,,
237446163,10.56,8,4.224,88.704,84.48,4.761904762,4.224,7.6,,,
636170325,62.57,4,12.514,262.794,250.28,4.761904762,12.514,9.5,,,
343759322,11.85,8,4.74,99.54,94.8,4.761904762,4.74,4.1,,,
528149470,91.3,1,4.565,95.865,91.3,4.761904762,4.565,9.2,,,
427459297,40.73,7,14.2555,299.3655,285.11,4.761904762,14.2555,5.4,,,
807343742,52.38,1,2.619,54.999,52.38,4.761904762,2.619,5.8,,,
288621085,38.54,5,9.635,202.335,192.7,4.761904762,9.635,5.6,,,
670717306,44.63,6,13.389,281.169,267.78,4.761904762,13.389,5.1,,,
660297083,55.87,10,27.935,586.635,558.7,4.761904762,27.935,5.8,,,
271778740,29.22,6,8.766,184.086,175.32,4.761904762,8.766,5,,,
497360989,51.94,3,7.791,163.611,155.82,4.761904762,7.791,7.9,,,
291591384,60.3,1,3.015,63.315,60.3,4.761904762,3.015,6,,,
860736466,39.47,2,3.947,82.887,78.94,4.761904762,3.947,5,,,
549239016,14.87,2,1.487,31.227,29.74,4.761904762,1.487,8.9,,,
896340956,21.32,1,1.066,22.386,21.32,4.761904762,1.066,5.9,,,
804383935,93.78,3,14.067,295.407,281.34,4.761904762,14.067,5.9,,,
585900249,73.26,1,3.663,76.923,73.26,4.761904762,3.663,9.7,,,
862295914,22.38,1,1.119,23.499,22.38,4.761904762,1.119,8.6,,,
845946841,72.88,9,32.796,688.716,655.92,4.761904762,32.796,4,,,
125452293,99.1,6,29.73,624.33,594.6,4.761904762,29.73,4.2,,,
843734724,74.1,1,3.705,77.805,74.1,4.761904762,3.705,9.2,,,
409339708,98.48,2,9.848,206.808,196.96,4.761904762,9.848,9.2,,,
658663967,53.19,7,18.6165,390.9465,372.33,4.761904762,18.6165,5,,,
866702814,52.79,10,26.395,554.295,527.9,4.761904762,26.395,10,,,
160222687,95.95,5,23.9875,503.7375,479.75,4.761904762,23.9875,8.8,,,
895036665,36.51,9,16.4295,345.0195,328.59,4.761904762,16.4295,4.2,,,
770428960,21.12,8,8.448,177.408,168.96,4.761904762,8.448,6.3,,,
748452862,28.31,4,5.662,118.902,113.24,4.761904762,5.662,8.2,,,
234362483,57.59,6,17.277,362.817,345.54,4.761904762,17.277,5.1,,,
316663011,47.63,9,21.4335,450.1035,428.67,4.761904762,21.4335,5,,,
848956252,86.27,1,4.3135,90.5835,86.27,4.761904762,4.3135,7,,,
840765966,12.76,2,1.276,26.796,25.52,4.761904762,1.276,7.8,,,
152034217,11.28,9,5.076,106.596,101.52,4.761904762,5.076,4.3,,,
533665566,51.07,7,17.8745,375.3645,357.49,4.761904762,17.8745,7,,,
124311458,79.59,3,11.9385,250.7085,238.77,4.761904762,11.9385,6.6,,,
176781170,33.81,3,5.0715,106.5015,101.43,4.761904762,5.0715,7.3,,,
361590574,90.53,8,36.212,760.452,724.24,4.761904762,36.212,6.5,,,
101814070,62.82,2,6.282,131.922,125.64,4.761904762,6.282,4.9,,,
631341880,24.31,3,3.6465,76.5765,72.93,4.761904762,3.6465,4.3,,,
852822749,64.59,4,12.918,271.278,258.36,4.761904762,12.918,9.3,,,
873146353,24.82,7,8.687,182.427,173.74,4.761904762,8.687,7.1,,,
584664073,56.5,1,2.825,59.325,56.5,4.761904762,2.825,9.6,,,
544559589,21.43,10,10.715,225.015,214.3,4.761904762,10.715,6.2,,,
166192553,89.06,6,26.718,561.078,534.36,4.761904762,26.718,9.9,,,
737885876,23.29,4,4.658,97.818,93.16,4.761904762,4.658,5.9,,,
154877367,65.26,8,26.104,548.184,522.08,4.761904762,26.104,6.3,,,
885560389,52.35,1,2.6175,54.9675,52.35,4.761904762,2.6175,4,,,
608053804,39.75,1,1.9875,41.7375,39.75,4.761904762,1.9875,6.1,,,
448613783,90.02,8,36.008,756.168,720.16,4.761904762,36.008,4.5,,,
761490439,12.1,8,4.84,101.64,96.8,4.761904762,4.84,8.6,,,
490950021,33.21,10,16.605,348.705,332.1,4.761904762,16.605,6,,,
115387388,10.18,8,4.072,85.512,81.44,4.761904762,4.072,9.5,,,
311136971,31.99,10,15.995,335.895,319.9,4.761904762,15.995,9.9,,,
291556563,34.42,6,10.326,216.846,206.52,4.761904762,10.326,7.5,,,
548483156,83.34,2,8.334,175.014,166.68,4.761904762,8.334,7.6,,,
460935834,45.58,7,15.953,335.013,319.06,4.761904762,15.953,5,,,
325894209,87.9,1,4.395,92.295,87.9,4.761904762,4.395,6.7,,,
884806021,73.47,10,36.735,771.435,734.7,4.761904762,36.735,9.5,,,
137748729,12.19,8,4.876,102.396,97.52,4.761904762,4.876,6.8,,,
880465796,76.92,10,38.46,807.66,769.2,4.761904762,38.46,5.6,,,
389702397,83.66,5,20.915,439.215,418.3,4.761904762,20.915,7.2,,,
114355271,57.91,8,23.164,486.444,463.28,4.761904762,23.164,8.1,,,
607766216,92.49,5,23.1225,485.5725,462.45,4.761904762,23.1225,8.6,,,
715201673,28.38,5,7.095,148.995,141.9,4.761904762,7.095,9.4,,,
811351094,50.45,6,15.135,317.835,302.7,4.761904762,15.135,8.9,,,
699881972,99.16,8,39.664,832.944,793.28,4.761904762,39.664,4.2,,,
781848059,60.74,7,21.259,446.439,425.18,4.761904762,21.259,5,,,
409496995,47.27,6,14.181,297.801,283.62,4.761904762,14.181,8.8,,,
725540677,85.6,7,29.96,629.16,599.2,4.761904762,29.96,5.3,,,
146095432,35.04,9,15.768,331.128,315.36,4.761904762,15.768,4.6,,,
377797592,44.84,9,20.178,423.738,403.56,4.761904762,20.178,7.5,,,
509100516,45.97,4,9.194,193.074,183.88,4.761904762,9.194,5.1,,,
595949924,27.73,5,6.9325,145.5825,138.65,4.761904762,6.9325,4.2,,,
865419075,11.53,7,4.0355,84.7455,80.71,4.761904762,4.0355,8.1,,,
545078534,58.32,2,5.832,122.472,116.64,4.761904762,5.832,6,,,
118621812,78.38,4,15.676,329.196,313.52,4.761904762,15.676,7.9,,,
450423339,84.61,10,42.305,888.405,846.1,4.761904762,42.305,8.8,,,
851983555,82.88,5,20.72,435.12,414.4,4.761904762,20.72,6.6,,,
186715196,79.54,2,7.954,167.034,159.08,4.761904762,7.954,6.2,,,
624018356,49.01,10,24.505,514.605,490.1,4.761904762,24.505,4.2,,,
313669943,29.15,3,4.3725,91.8225,87.45,4.761904762,4.3725,7.3,,,
151278496,56.13,4,11.226,235.746,224.52,4.761904762,11.226,8.6,,,
453336436,93.12,8,37.248,782.208,744.96,4.761904762,37.248,6.8,,,
522578364,51.34,8,20.536,431.256,410.72,4.761904762,20.536,7.6,,,
459452396,99.6,3,14.94,313.74,298.8,4.761904762,14.94,5.8,,,
717964189,35.49,6,10.647,223.587,212.94,4.761904762,10.647,4.1,,,
722132115,42.85,1,2.1425,44.9925,42.85,4.761904762,2.1425,9.3,,,
749818133,94.67,4,18.934,397.614,378.68,4.761904762,18.934,6.8,,,
777672495,68.97,3,10.3455,217.2555,206.91,4.761904762,10.3455,8.7,,,
636983364,26.26,3,3.939,82.719,78.78,4.761904762,3.939,6.3,,,
246556923,35.79,9,16.1055,338.2155,322.11,4.761904762,16.1055,5.1,,,
181826255,16.37,6,4.911,103.131,98.22,4.761904762,4.911,7,,,
838021821,12.73,2,1.273,26.733,25.46,4.761904762,1.273,5.2,,,
887420517,83.14,7,29.099,611.079,581.98,4.761904762,29.099,6.6,,,
457120244,35.22,6,10.566,221.886,211.32,4.761904762,10.566,6.5,,,
226340034,13.78,4,2.756,57.876,55.12,4.761904762,2.756,9,,,
321497382,88.31,1,4.4155,92.7255,88.31,4.761904762,4.4155,5.2,,,
397258725,39.62,9,17.829,374.409,356.58,4.761904762,17.829,6.8,,,
431662305,88.25,9,39.7125,833.9625,794.25,4.761904762,39.7125,7.6,,,
825945922,25.31,2,2.531,53.151,50.62,4.761904762,2.531,7.2,,,
641627288,99.92,6,29.976,629.496,599.52,4.761904762,29.976,7.1,,,
756931854,83.35,2,8.335,175.035,166.7,4.761904762,8.335,9.5,,,
243558457,74.44,10,37.22,781.62,744.4,4.761904762,37.22,5.1,,,
458108612,64.08,7,22.428,470.988,448.56,4.761904762,22.428,7.6,,,
501611753,63.15,6,18.945,397.845,378.9,4.761904762,18.945,9.8,,,
235068510,85.72,3,12.858,270.018,257.16,4.761904762,12.858,5.1,,,
433087822,78.89,7,27.6115,579.8415,552.23,4.761904762,27.6115,7.5,,,
361852571,89.48,5,22.37,469.77,447.4,4.761904762,22.37,7.4,,,
131708179,92.09,3,13.8135,290.0835,276.27,4.761904762,13.8135,4.2,,,
500022261,57.29,6,17.187,360.927,343.74,4.761904762,17.187,5.9,,,
720722436,66.52,4,13.304,279.384,266.08,4.761904762,13.304,6.9,,,
702835291,99.82,9,44.919,943.299,898.38,4.761904762,44.919,6.6,,,
809699497,45.68,10,22.84,479.64,456.8,4.761904762,22.84,5.7,,,
449166770,50.79,5,12.6975,266.6475,253.95,4.761904762,12.6975,5.3,,,
333232632,10.08,7,3.528,74.088,70.56,4.761904762,3.528,4.2,,,
489821237,93.88,7,32.858,690.018,657.16,4.761904762,32.858,7.3,,,
859976048,84.25,2,8.425,176.925,168.5,4.761904762,8.425,5.3,,,
676102200,53.78,1,2.689,56.469,53.78,4.761904762,2.689,4.7,,,
373881424,35.81,5,8.9525,188.0025,179.05,4.761904762,8.9525,7.9,,,
365164334,26.43,8,10.572,222.012,211.44,4.761904762,10.572,8.9,,,
503214385,39.91,3,5.9865,125.7165,119.73,4.761904762,5.9865,9.3,,,
305892768,21.9,3,3.285,68.985,65.7,4.761904762,3.285,4.7,,,
574801489,62.85,4,12.57,263.97,251.4,4.761904762,12.57,8.7,,,
784080310,21.04,4,4.208,88.368,84.16,4.761904762,4.208,7.6,,,
200406154,65.91,6,19.773,415.233,395.46,4.761904762,19.773,5.7,,,
846100341,42.57,7,14.8995,312.8895,297.99,4.761904762,14.8995,6.8,,,
577347579,50.49,9,22.7205,477.1305,454.41,4.761904762,22.7205,5.4,,,
430023888,46.02,6,13.806,289.926,276.12,4.761904762,13.806,7.1,,,
867471948,15.8,10,7.9,165.9,158,4.761904762,7.9,7.8,,,
384596655,98.66,9,44.397,932.337,887.94,4.761904762,44.397,8.4,,,
256583609,91.98,1,4.599,96.579,91.98,4.761904762,4.599,9.8,,,
324923863,20.89,2,2.089,43.869,41.78,4.761904762,2.089,9.8,,,
593085916,15.5,1,0.775,16.275,15.5,4.761904762,0.775,7.4,,,
364342972,96.82,3,14.523,304.983,290.46,4.761904762,14.523,6.7,,,
794423736,33.33,2,3.333,69.993,66.66,4.761904762,3.333,6.4,,,
172428274,38.27,2,3.827,80.367,76.54,4.761904762,3.827,5.8,,,
558605016,33.3,9,14.985,314.685,299.7,4.761904762,14.985,7.2,,,
195060432,81.01,3,12.1515,255.1815,243.03,4.761904762,12.1515,9.3,,,
605032706,15.8,3,2.37,49.77,47.4,4.761904762,2.37,9.5,,,
214302776,34.49,5,8.6225,181.0725,172.45,4.761904762,8.6225,9,,,
746041077,84.63,10,42.315,888.615,846.3,4.761904762,42.315,9,,,
448348700,36.91,7,12.9185,271.2885,258.37,4.761904762,12.9185,6.7,,,
452048808,87.08,7,30.478,640.038,609.56,4.761904762,30.478,5.5,,,
531564728,80.08,3,12.012,252.252,240.24,4.761904762,12.012,5.4,,,
744829138,86.13,2,8.613,180.873,172.26,4.761904762,8.613,8.2,,,
883691285,49.92,2,4.992,104.832,99.84,4.761904762,4.992,7,,,
221255073,74.66,4,14.932,313.572,298.64,4.761904762,14.932,8.5,,,
518716847,26.6,6,7.98,167.58,159.6,4.761904762,7.98,4.9,,,
156200370,25.45,1,1.2725,26.7225,25.45,4.761904762,1.2725,5.1,,,
151337434,67.77,1,3.3885,71.1585,67.77,4.761904762,3.3885,6.5,,,
728479078,59.59,4,11.918,250.278,238.36,4.761904762,11.918,9.8,,,
809461866,58.15,4,11.63,244.23,232.6,4.761904762,11.63,8.4,,,
139324183,97.48,9,43.866,921.186,877.32,4.761904762,43.866,7.4,,,
148417930,99.96,7,34.986,734.706,699.72,4.761904762,34.986,6.1,,,
189405216,96.37,7,33.7295,708.3195,674.59,4.761904762,33.7295,6,,,
374385555,63.71,5,15.9275,334.4775,318.55,4.761904762,15.9275,8.5,,,
764448999,14.76,2,1.476,30.996,29.52,4.761904762,1.476,4.3,,,
552445977,62,8,24.8,520.8,496,4.761904762,24.8,6.2,,,
267627380,82.34,10,41.17,864.57,823.4,4.761904762,41.17,4.3,,,
430534718,75.37,8,30.148,633.108,602.96,4.761904762,30.148,8.4,,,
886182897,56.56,5,14.14,296.94,282.8,4.761904762,14.14,4.5,,,
602166955,76.6,10,38.3,804.3,766,4.761904762,38.3,6,,,
745740715,58.03,2,5.803,121.863,116.06,4.761904762,5.803,8.8,,,
690016631,17.49,10,8.745,183.645,174.9,4.761904762,8.745,6.6,,,
652496720,60.95,1,3.0475,63.9975,60.95,4.761904762,3.0475,5.9,,,
233675758,40.35,1,2.0175,42.3675,40.35,4.761904762,2.0175,6.2,,,
303962227,97.38,10,48.69,1022.49,973.8,4.761904762,48.69,4.4,,,
727021313,31.84,1,1.592,33.432,31.84,4.761904762,1.592,7.7,,,
347562442,65.82,1,3.291,69.111,65.82,4.761904762,3.291,4.1,,,
849093807,88.34,7,30.919,649.299,618.38,4.761904762,30.919,6.6,,,
